TimeStamp,ax,ay,az,gx,gy,gz,mx,my,mz
347664.7776,126.88,-348.31,957.212,2170.0,1137.5,1636.25,98.8,16.72,-399.76
347664.8277,127.307,-325.13,947.208,2730.0,3990.0,805.0,101.84,13.68,-399.76
347664.8776,105.469,-305.061,954.65,3193.75,5180.0,-3456.25,95.76,13.68,-378.48
347664.9276,89.975,-292.251,957.395,-2178.75,3885.0,-2511.25,100.32,4.56,-395.2
347664.9776,96.502,-337.025,960.445,-3526.25,1741.25,-1776.25,94.24,3.04,-395.2
347665.0276,111.996,-359.534,952.149,-1855.0,498.75,-2187.5,98.8,15.2,-407.36
347665.0776,130.601,-342.271,949.465,1347.5,551.25,-3360.0,100.32,15.2,-389.12
347665.1276,139.385,-326.96,955.992,3141.25,2695.0,-3762.5,98.8,16.72,-380.0
347665.1776,118.95,-312.869,949.038,3158.75,3351.25,-3570.0,98.8,10.64,-402.8
347665.2276,126.575,-308.477,950.746,1820.0,3167.5,-3552.5,107.92,-4.56,-411.92
347665.2776,116.876,-302.255,950.746,735.0,4471.25,-4926.25,97.28,4.56,-395.2
347665.3276,108.946,-320.555,963.739,-3158.75,2870.0,-3570.0,98.8,4.56,-381.52
347665.3776,129.808,-340.563,965.203,1662.5,1408.75,-1513.75,77.52,4.56,-399.76
347665.4276,128.344,-321.836,963.373,3675.0,3097.5,367.5,88.16,3.04,-407.36
347665.4776,130.357,-304.634,944.402,3228.75,2677.5,-805.0,98.8,3.04,-393.68
347665.5276,129.747,-295.789,938.363,1601.25,3018.75,-1023.75,101.84,10.64,-395.2
347665.5776,134.566,-292.373,944.829,-1426.25,3421.25,148.75,74.48,3.04,-398.24
347665.6276,140.544,-294.935,948.916,-9686.25,5433.75,1715.0,101.84,15.2,-402.8
347665.6776,101.504,-389.79,969.717,271.25,4891.25,393.75,98.8,0.0,-396.72
347665.7276,109.556,-329.766,975.573,3876.25,6650.0,-2887.5,100.32,-4.56,-398.24
347665.7776,103.029,-317.078,970.632,1802.5,5407.5,-3342.5,100.32,13.68,-402.8
347665.8276,108.458,-317.261,961.604,2878.75,2852.5,-3246.25,106.4,3.04,-387.6
347665.8776,117.547,-297.558,961.726,1811.25,3421.25,-2065.0,103.36,6.08,-389.12
347665.9276,110.166,-315.126,952.637,455.0,1846.25,682.5,86.64,4.56,-390.64
347665.9776,122.0,-296.277,960.75,1128.75,2362.5,420.0,92.72,15.2,-399.76
347666.0276,113.155,-317.017,956.175,-752.5,2485.0,656.25,110.96,15.2,-404.32
347666.0776,121.756,-303.475,960.689,2222.5,2047.5,-1172.5,103.36,3.04,-386.08
347666.1276,122.427,-301.279,955.809,936.25,2362.5,-341.25,86.64,7.6,-407.36
347666.1776,110.715,-303.109,968.131,437.5,4453.75,-1015.0,95.76,4.56,-408.88
347666.2276,114.802,-307.135,956.602,-560.0,2896.25,-945.0,94.24,0.0,-392.16
347666.2776,111.325,-299.876,964.044,-656.25,3377.5,-1592.5,103.36,-3.04,-396.72
347666.3276,111.63,-328.729,963.922,-455.0,3036.25,-752.5,95.76,9.12,-402.8
347666.3776,111.447,-310.429,959.896,-376.25,2485.0,218.75,94.24,-15.2,-405.84
347666.4276,115.107,-324.459,960.14,577.5,3158.75,-1365.0,103.36,1.52,-396.72
347666.4776,114.741,-311.405,963.922,822.5,2336.25,-2205.0,100.32,-3.04,-396.72
347666.5276,116.266,-317.261,956.541,1128.75,2152.5,-2896.25,100.32,4.56,-402.8
347666.5776,112.301,-316.773,956.419,2178.75,1356.25,-5188.75,92.72,-4.56,-407.36
347666.6276,117.303,-321.409,955.443,4865.0,1968.75,-7752.5,103.36,0.0,-407.36
347666.6776,116.571,-289.384,964.959,5355.0,-96.25,-8662.5,92.72,-3.04,-404.32
347666.7276,134.2,-278.587,967.155,2327.5,-175.0,-5425.0,86.64,-7.6,-413.44
347666.7776,141.825,-285.907,961.238,560.0,2353.75,1321.25,91.2,-7.6,-401.28
347666.8276,129.808,-290.909,955.138,-691.25,3438.75,2887.5,95.76,-4.56,-392.16
347666.8776,131.455,-304.939,967.826,1050.0,2975.0,70.0,94.24,13.68,-392.16
347666.9276,124.44,-295.728,958.676,-227.5,3815.0,-1085.0,94.24,-10.64,-402.8
347666.9776,125.111,-299.266,967.155,953.75,3692.5,-1496.25,98.8,-21.28,-392.16
347667.0276,126.453,-288.408,958.188,-726.25,2616.25,-271.25,88.16,-9.12,-399.76
347667.0776,124.379,-291.641,960.75,770.0,3640.0,-1050.0,89.68,-3.04,-411.92
347667.1276,128.344,-282.308,956.175,-752.5,3237.5,-542.5,101.84,-4.56,-387.6
347667.1776,118.279,-294.691,972.035,673.75,2625.0,-822.5,100.32,-16.72,-393.68
347667.2276,119.194,-306.83,963.19,-2047.5,2660.0,-1680.0,91.2,-13.68,-404.32
347667.2776,128.466,-303.841,972.279,2205.0,787.5,-11900.0,89.68,-6.08,-407.36
347667.3276,142.069,-274.317,956.541,1015.0,6072.5,1435.0,100.32,-19.76,-401.28
347667.3776,113.094,-269.193,965.447,-61.25,3902.5,3482.5,79.04,1.52,-392.16
347667.4276,129.564,-298.412,958.92,-813.75,2791.25,2021.25,85.12,-13.68,-402.8
347667.4776,126.27,-295.118,965.508,-1680.0,3272.5,-61.25,86.64,-6.08,-404.32
347667.5276,124.196,-307.318,966.667,183.75,3228.75,-700.0,109.44,-6.08,-398.24
347667.5776,123.159,-295.24,969.839,1680.0,2345.0,17.5,97.28,-7.6,-410.4
347667.6276,131.394,-284.138,963.251,787.5,2511.25,612.5,89.68,-9.12,-383.04
347667.6778,126.636,-292.312,968.314,-332.5,4497.5,-752.5,94.24,-7.6,-401.28
347667.7276,116.632,-294.081,963.8,-192.5,3631.25,-1662.5,97.28,-9.12,-395.2
347667.7777,119.682,-292.678,964.227,-560.0,2275.0,-848.75,80.56,-18.24,-405.84
347667.8276,134.017,-295.606,960.689,-131.25,2240.0,-1137.5,95.76,-9.12,-407.36
347667.8776,118.706,-301.584,968.314,1697.5,3876.25,787.5,101.84,-6.08,-386.08
347667.9276,134.688,-283.528,964.105,2170.0,3001.25,-2861.25,103.36,0.0,-393.68
347667.9776,131.211,-273.829,968.375,-35.0,3631.25,-2318.75,94.24,-4.56,-407.36
347668.0276,119.621,-293.349,964.898,-805.0,3123.75,-455.0,85.12,-7.6,-399.76
347668.0776,125.477,-291.58,962.824,166.25,3106.25,-1452.5,104.88,0.0,-390.64
347668.1276,126.941,-289.201,963.19,560.0,3447.5,-945.0,95.76,6.08,-380.0
347668.1782,121.573,-282.369,968.07,78.75,2800.0,-2205.0,85.12,-10.64,-402.8
347668.2276,121.268,-297.924,962.58,-2082.5,2940.0,-4733.75,89.68,-7.6,-410.4
347668.2776,142.679,-296.094,961.482,875.0,2266.25,-5591.25,83.6,-3.04,-414.96
347668.3276,139.934,-294.874,963.373,1557.5,4156.25,-2450.0,94.24,-12.16,-408.88
347668.3776,125.477,-276.269,962.58,927.5,3780.0,-78.75,86.64,-13.68,-398.24
347668.4276,124.806,-288.164,961.787,1041.25,3753.75,612.5,94.24,-10.64,-408.88
347668.4776,129.076,-283.589,968.985,1041.25,4200.0,-315.0,91.2,-16.72,-402.8
347668.5276,113.338,-288.774,966.911,-577.5,3430.0,-516.25,82.08,-10.64,-413.44
347668.5776,117.669,-287.737,967.216,883.75,2721.25,-437.5,82.08,1.52,-399.76
347668.6276,127.063,-281.637,965.508,-227.5,2520.0,-603.75,89.68,-4.56,-401.28
347668.6776,116.998,-299.937,959.652,393.75,4165.0,-1058.75,107.92,-24.32,-401.28
347668.7276,118.462,-281.332,967.582,1995.0,2826.25,-2572.5,100.32,-12.16,-396.72
347668.7776,115.107,-291.031,970.205,-717.5,3316.25,-980.0,88.16,-9.12,-408.88
347668.8276,126.087,-287.31,971.913,577.5,2318.75,-656.25,82.08,-13.68,-404.32
347668.8776,127.917,-294.569,965.813,1347.5,2555.0,-603.75,101.84,-21.28,-402.8
347668.9276,120.353,-278.099,964.471,822.5,3526.25,-892.5,98.8,-22.8,-392.16
347668.9776,118.584,-276.696,964.654,533.75,2607.5,-761.25,83.6,-12.16,-416.48
347669.0276,116.998,-283.772,965.935,-358.75,2843.75,-227.5,83.6,-6.08,-422.56
347669.0776,125.66,-281.027,966.972,-708.75,2730.0,-962.5,101.84,-4.56,-395.2
347669.1276,127.49,-283.711,968.009,621.25,2730.0,-446.25,88.16,-22.8,-404.32
347669.1776,124.562,-282.918,968.924,-638.75,3246.25,227.5,92.72,-10.64,-418.0
347669.2276,120.414,-292.19,965.935,1146.25,2152.5,-735.0,91.2,-7.6,-407.36
347669.2776,125.172,-279.746,963.007,595.0,2808.75,665.0,95.76,-16.72,-399.76
347669.3276,134.932,-278.831,967.887,1898.75,3255.0,105.0,95.76,-16.72,-399.76
347669.3776,113.765,-285.175,968.131,-682.5,3797.5,192.5,92.72,-9.12,-399.76
347669.4276,115.473,-285.541,965.447,341.25,2782.5,-883.75,103.36,-18.24,-411.92
347669.4776,127.551,-289.201,964.471,26.25,2073.75,-1111.25,104.88,-19.76,-404.32
347669.5276,125.294,-277.367,965.02,446.25,3631.25,-988.75,89.68,-21.28,-399.76
347669.5776,126.27,-271.511,967.582,-525.0,2450.0,-288.75,92.72,-12.16,-405.84
347669.6276,117.547,-288.347,971.547,-341.25,2695.0,-586.25,95.76,-4.56,-404.32
347669.6776,126.392,-282.552,970.144,437.5,2520.0,-988.75,109.44,-12.16,-402.8
347669.7276,125.599,-287.676,964.044,-472.5,3018.75,-122.5,92.72,-13.68,-402.8
347669.7776,124.379,-277.916,963.251,542.5,2843.75,-385.0,91.2,-7.6,-404.32
347669.8276,125.172,-282.857,966.667,-603.75,2975.0,-542.5,97.28,-16.72,-408.88
347669.8776,126.026,-280.966,970.51,332.5,2773.75,-1190.0,83.6,-21.28,-395.2
347669.9276,119.987,-278.099,966.728,-752.5,3088.75,-253.75,100.32,-15.2,-401.28
347669.9776,123.769,-289.689,967.826,857.5,2625.0,-105.0,98.8,-3.04,-410.4
347670.0276,127.429,-280.478,970.144,-350.0,2677.5,-988.75,89.68,-16.72,-395.2
347670.0776,122.976,-289.445,965.081,612.5,2633.75,-953.75,94.24,-6.08,-404.32
347670.1276,128.466,-275.72,964.349,113.75,2642.5,-245.0,98.8,-10.64,-419.52
347670.1776,135.786,-274.317,969.778,323.75,4331.25,-1268.75,91.2,0.0,-410.4
347670.2276,118.035,-281.576,968.619,-1715.0,3045.0,-927.5,94.24,-13.68,-398.24
347670.2776,120.414,-290.36,969.046,525.0,2432.5,-306.25,89.68,-9.12,-407.36
347670.3276,125.66,-283.528,967.094,-70.0,2695.0,-402.5,89.68,-7.6,-418.0
347670.3776,119.804,-284.626,965.264,35.0,3228.75,-262.5,89.68,-7.6,-407.36
347670.4276,125.721,-280.234,963.068,463.75,2765.0,-297.5,94.24,-12.16,-396.72
347670.4776,118.096,-277.123,967.948,-603.75,2870.0,-770.0,86.64,-10.64,-398.24
347670.5276,126.697,-283.772,967.643,-288.75,3010.0,-236.25,97.28,-13.68,-405.84
347670.5776,125.477,-284.992,965.996,455.0,3027.5,-262.5,101.84,-4.56,-402.8
347670.6278,117.913,-282.308,967.887,-315.0,3088.75,-1032.5,86.64,-7.6,-407.36
347670.6776,120.414,-277.977,965.02,-525.0,2922.5,-446.25,85.12,-22.8,-404.32
347670.7277,125.66,-286.639,966.24,-1032.5,3062.5,122.5,101.84,-13.68,-392.16
347670.7776,119.621,-297.558,967.887,113.75,2983.75,-1146.25,85.12,-19.76,-408.88
347670.8276,122.061,-285.236,967.155,-577.5,3036.25,-568.75,82.08,-3.04,-393.68
347670.8776,120.841,-282.491,970.571,-796.25,3263.75,-533.75,92.72,-12.16,-408.88
347670.9277,124.745,-293.105,966.118,315.0,2380.0,-411.25,88.16,-13.68,-410.4
347670.9776,126.392,-283.162,962.702,997.5,2835.0,-192.5,92.72,-7.6,-404.32
347671.0276,122.915,-268.095,972.462,271.25,4077.5,-1540.0,97.28,-9.12,-402.8
347671.0776,116.449,-291.336,966.423,-2651.25,3307.5,-691.25,94.24,-13.68,-405.84
347671.1276,124.44,-291.275,964.898,393.75,2695.0,-105.0,91.2,-10.64,-405.84
347671.1776,129.137,-288.53,966.545,-280.0,3377.5,-1321.25,88.16,-3.04,-405.84
347671.2276,116.937,-282.43,961.055,463.75,3596.25,-463.75,92.72,3.04,-401.28
347671.2776,117.974,-280.905,966.606,-210.0,3438.75,-525.0,95.76,-10.64,-396.72
347671.3276,118.523,-296.826,970.144,78.75,2607.5,-1067.5,94.24,-3.04,-387.6
347671.3776,122.976,-282.064,961.848,192.5,3211.25,-332.5,91.2,-21.28,-405.84
347671.4276,116.144,-295.362,968.375,288.75,3097.5,-603.75,86.64,-13.68,-413.44
347671.4776,117.364,-283.955,966.24,498.75,3036.25,-245.0,82.08,-13.68,-410.4
347671.5276,119.133,-287.188,966.667,210.0,2406.25,-113.75,91.2,-9.12,-398.24
347671.5776,127.307,-274.988,963.617,-183.75,3202.5,-883.75,79.04,4.56,-396.72
347671.6276,123.037,-290.116,964.166,-743.75,3447.5,-682.5,77.52,-10.64,-407.36
347671.6776,116.937,-291.458,966.057,-367.5,3430.0,-621.25,97.28,-9.12,-405.84
347671.7276,120.841,-286.273,962.885,507.5,2738.75,-883.75,92.72,-10.64,-405.84
347671.7776,122.122,-279.014,963.19,-297.5,2966.25,-332.5,91.2,-9.12,-408.88
347671.8276,115.9,-285.358,972.218,-411.25,4025.0,-805.0,101.84,-6.08,-405.84
347671.8776,115.351,-293.837,963.617,-673.75,3307.5,-498.75,101.84,-9.12,-398.24
347671.9276,114.192,-289.445,967.521,-1085.0,2467.5,-875.0,92.72,-12.16,-407.36
347671.9776,126.575,-291.031,965.813,-857.5,2747.5,-656.25,109.44,-16.72,-404.32
347672.0276,119.682,-294.203,965.081,-315.0,3876.25,-691.25,72.96,-16.72,-407.36
347672.0776,117.425,-291.641,965.081,-166.25,3438.75,-1111.25,110.96,-9.12,-393.68
347672.1276,115.778,-291.702,966.545,-183.75,3018.75,-840.0,86.64,-15.2,-396.72
347672.1776,121.451,-294.447,963.861,490.0,2878.75,-516.25,97.28,-10.64,-421.04
347672.2276,115.961,-290.36,963.19,227.5,2686.25,-516.25,92.72,-10.64,-398.24
347672.2776,117.669,-290.055,965.813,201.25,2703.75,-752.5,101.84,-10.64,-402.8
347672.3276,125.172,-287.981,964.471,577.5,2336.25,-787.5,103.36,-9.12,-399.76
347672.3776,129.381,-290.055,965.752,70.0,3718.75,-848.75,82.08,1.52,-408.88
347672.4276,114.863,-289.628,967.765,1330.0,2896.25,-1627.5,98.8,-16.72,-407.36
347672.4776,113.765,-286.334,963.8,245.0,2721.25,-385.0,103.36,-10.64,-401.28
347672.5276,116.693,-289.689,961.238,621.25,2791.25,-350.0,89.68,4.56,-405.84
347672.5776,122.854,-278.16,968.924,-8.75,3412.5,-743.75,103.36,3.04,-404.32
347672.6276,110.959,-290.604,970.144,-752.5,2388.75,-647.5,95.76,-7.6,-401.28
347672.6776,122.0,-291.214,967.338,-953.75,1977.5,-35.0,92.72,-12.16,-399.76
347672.7276,124.806,-295.301,960.201,-43.75,3001.25,-883.75,94.24,-13.68,-405.84
347672.7776,122.976,-293.227,967.582,1120.0,3027.5,-831.25,95.76,0.0,-405.84
347672.8276,121.573,-288.652,965.874,612.5,3123.75,-945.0,100.32,-16.72,-398.24
347672.8776,119.926,-282.491,969.717,61.25,3797.5,-647.5,97.28,1.52,-398.24
347672.9276,115.168,-283.223,968.314,-498.75,2808.75,-691.25,98.8,-9.12,-405.84
347672.9776,119.56,-296.948,961.665,-560.0,2835.0,-183.75,88.16,4.56,-411.92
347673.0276,120.353,-290.299,966.606,402.5,3115.0,-455.0,104.88,-7.6,-405.84
347673.0776,116.815,-279.258,965.142,-603.75,2765.0,-350.0,79.04,-15.2,-387.6
347673.1276,121.268,-293.532,962.702,-420.0,2616.25,-358.75,89.68,-18.24,-392.16
347673.1776,120.841,-294.142,965.447,218.75,2843.75,-315.0,95.76,-4.56,-419.52
347673.2276,112.423,-292.495,966.484,542.5,2310.0,-647.5,104.88,-4.56,-398.24
347673.2776,126.148,-282.979,963.983,61.25,2537.5,-332.5,89.68,-3.04,-395.2
347673.3276,127.49,-284.26,967.338,-262.5,3657.5,-297.5,91.2,-4.56,-390.64
347673.3776,116.083,-287.066,969.717,-1531.25,3316.25,-262.5,103.36,-10.64,-401.28
347673.4276,119.133,-302.133,967.46,-43.75,2458.75,-883.75,97.28,-12.16,-396.72
347673.4776,121.024,-289.75,961.299,227.5,2782.5,-245.0,86.64,-6.08,-407.36
347673.5276,122.732,-289.811,962.824,1198.75,3202.5,-560.0,98.8,-6.08,-414.96
347673.5778,118.706,-284.382,963.434,210.0,3080.0,-945.0,92.72,-10.64,-398.24
347673.6276,118.889,-285.846,966.545,-166.25,3823.75,-1041.25,95.76,-12.16,-390.64
347673.6778,115.9,-284.748,969.046,-848.75,2738.75,-778.75,92.72,-12.16,-398.24
347673.7276,121.878,-291.031,964.898,-577.5,2703.75,-481.25,85.12,-10.64,-413.44
347673.7776,119.377,-291.702,967.887,-533.75,3491.25,-525.0,95.76,1.52,-396.72
347673.8276,115.046,-299.632,964.471,673.75,2616.25,-1023.75,69.92,0.0,-410.4
347673.8776,119.56,-290.848,963.495,1128.75,2861.25,-560.0,103.36,-12.16,-413.44
347673.9276,117.364,-281.21,967.643,166.25,3123.75,-805.0,98.8,-4.56,-408.88
347673.9776,114.68,-292.861,967.094,-621.25,3132.5,-1032.5,95.76,-9.12,-399.76
347674.0276,121.329,-285.907,960.689,367.5,3333.75,-656.25,88.16,-12.16,-401.28
347674.0776,121.329,-279.929,967.643,-525.0,4138.75,-840.0,89.68,1.52,-413.44
347674.1276,109.068,-293.898,967.826,-1321.25,3412.5,-945.0,91.2,-15.2,-413.44
347674.1776,113.033,-300.608,965.264,297.5,2520.0,-341.25,101.84,-7.6,-405.84
347674.2276,120.048,-294.142,966.789,892.5,2423.75,-227.5,101.84,-13.68,-395.2
347674.2776,119.804,-286.883,964.898,840.0,3281.25,-883.75,85.12,-10.64,-413.44
347674.3276,119.865,-284.626,963.068,-201.25,3561.25,-1137.5,94.24,-7.6,-390.64
347674.3776,113.033,-286.761,966.728,-516.25,3307.5,-1268.75,103.36,-9.12,-411.92
347674.4276,118.645,-294.264,964.471,236.25,3132.5,-1085.0,115.52,-6.08,-389.12
347674.4776,116.876,-286.334,964.41,586.25,3193.75,-875.0,89.68,-6.08,-402.8
347674.5276,110.837,-292.007,965.813,297.5,3010.0,-595.0,85.12,0.0,-411.92
347674.5776,116.266,-291.397,965.447,420.0,2756.25,-507.5,112.48,-12.16,-399.76
347674.6276,116.083,-287.92,966.362,516.25,2765.0,-752.5,91.2,-3.04,-392.16
347674.6776,112.301,-293.166,965.63,-770.0,2598.75,-691.25,92.72,-10.64,-392.16
347674.7276,120.109,-294.752,963.922,236.25,2668.75,-586.25,97.28,-6.08,-398.24
347674.7776,123.891,-283.406,968.68,595.0,3141.25,-805.0,95.76,-21.28,-393.68
347674.8276,113.826,-284.138,971.059,376.25,3360.0,-1260.0,103.36,-4.56,-404.32
347674.8776,112.911,-297.985,964.288,43.75,2555.0,-752.5,89.68,-10.64,-410.4
347674.9276,121.451,-285.175,963.922,1076.25,2345.0,-665.0,104.88,-6.08,-402.8
347674.9776,122.549,-283.345,960.689,507.5,3307.5,-341.25,107.92,-7.6,-398.24
347675.0276,118.279,-280.234,965.691,-87.5,2572.5,-656.25,89.68,-15.2,-405.84
347675.0776,107.787,-296.277,969.107,-323.75,3097.5,-1137.5,92.72,-9.12,-402.8
347675.1276,124.013,-288.225,969.473,971.25,1540.0,140.0,89.68,0.0,-407.36
347675.1776,124.44,-287.554,965.813,1321.25,2747.5,43.75,97.28,3.04,-404.32
347675.2276,119.438,-286.273,965.752,848.75,3237.5,-726.25,100.32,1.52,-392.16
347675.2776,118.462,-277.55,965.264,752.5,2703.75,-822.5,83.6,-13.68,-411.92
347675.3276,124.135,-279.197,965.081,183.75,2808.75,-875.0,91.2,-7.6,-410.4
347675.3776,117.73,-284.809,965.325,-638.75,3246.25,-1426.25,97.28,-13.68,-398.24
347675.4276,116.327,-287.92,963.617,-17.5,2913.75,-901.25,85.12,4.56,-410.4
347675.4776,121.268,-291.214,965.325,105.0,2887.5,516.25,85.12,-10.64,-401.28
347675.5276,115.839,-281.271,972.218,778.75,3850.0,-525.0,107.92,-7.6,-408.88
347675.5776,114.558,-284.077,968.619,-577.5,3307.5,-367.5,92.72,3.04,-401.28
347675.6276,110.593,-287.676,964.898,1251.25,2406.25,-1251.25,92.72,-7.6,-411.92
347675.6776,122.854,-279.075,962.519,-253.75,2975.0,-988.75,94.24,-9.12,-401.28
347675.7276,108.214,-292.251,964.532,542.5,3027.5,-875.0,106.4,-13.68,-390.64
347675.7776,115.595,-268.156,973.926,673.75,2826.25,-3080.0,97.28,-6.08,-410.4
347675.8276,116.022,-282.735,974.475,-1146.25,2222.5,-630.0,85.12,-3.04,-414.96
347675.8776,123.586,-284.626,966.057,603.75,2520.0,-140.0,88.16,-9.12,-407.36
347675.9276,117.364,-285.175,968.558,428.75,3115.0,-1496.25,107.92,-24.32,-395.2
347675.9776,118.218,-275.11,969.412,463.75,3290.0,-813.75,88.16,-31.92,-401.28
347676.0276,119.072,-286.395,967.277,481.25,2257.5,358.75,92.72,-10.64,-419.52
347676.0776,121.451,-289.933,965.691,-376.25,3115.0,-428.75,82.08,-9.12,-402.8
347676.1276,121.207,-304.573,971.608,2371.25,3167.5,-1435.0,95.76,-25.84,-405.84
347676.1776,120.231,-269.681,968.741,3797.5,3491.25,-96.25,82.08,-22.8,-407.36
347676.2276,127.246,-266.509,971.669,-113.75,3928.75,-1330.0,103.36,-4.56,-422.56
347676.2776,110.166,-280.905,968.924,-708.75,3123.75,-1400.0,97.28,-13.68,-407.36
347676.3276,114.68,-280.112,965.508,8.75,2345.0,-1058.75,76.0,-15.2,-399.76
347676.3776,123.647,-274.134,968.924,-525.0,3351.25,-726.25,97.28,-13.68,-408.88
347676.4279,117.547,-273.341,969.595,-682.5,3360.0,-236.25,88.16,-10.64,-416.48
347676.4776,118.767,-281.088,968.314,-656.25,2415.0,-70.0,107.92,-12.16,-393.68
347676.5277,120.719,-280.478,973.987,-787.5,2598.75,-236.25,112.48,-13.68,-399.76
347676.5776,119.255,-286.761,966.85,-603.75,2808.75,-507.5,92.72,-6.08,-405.84
347676.6276,123.22,-283.955,967.338,262.5,3115.0,183.75,103.36,-7.6,-410.4
347676.6776,118.096,-278.587,968.375,87.5,3587.5,-490.0,94.24,-13.68,-410.4
347676.7276,118.767,-274.561,968.192,-376.25,3377.5,-1688.75,94.24,-13.68,-402.8
347676.7776,114.741,-282.918,970.022,-1347.5,3753.75,-1443.75,82.08,-21.28,-401.28
347676.8276,112.728,-299.876,968.558,-96.25,3080.0,-796.25,95.76,-9.12,-390.64
347676.8776,117.12,-274.866,969.839,-253.75,2668.75,-700.0,109.44,-7.6,-405.84
347676.9276,128.161,-276.635,971.12,43.75,3745.0,-1531.25,88.16,-10.64,-410.4
347676.9776,109.251,-288.103,965.081,-743.75,3771.25,-621.25,98.8,-10.64,-398.24
347677.0276,116.022,-286.456,965.508,-8.75,2275.0,-717.5,110.96,-18.24,-399.76
347677.0776,123.647,-285.602,968.497,157.5,3010.0,-621.25,89.68,-7.6,-395.2
347677.1276,112.728,-284.138,966.911,201.25,3045.0,367.5,88.16,1.52,-411.92
347677.1776,116.266,-284.565,968.436,-43.75,2940.0,-35.0,89.68,-3.04,-419.52
347677.2276,116.388,-279.746,970.022,-140.0,3036.25,-1050.0,98.8,-12.16,-405.84
347677.2776,119.804,-282.369,964.837,315.0,3351.25,-1093.75,103.36,-10.64,-404.32
347677.3276,113.216,-277.184,966.301,-367.5,3456.25,-647.5,95.76,-13.68,-419.52
347677.3776,112.545,-284.443,967.094,945.0,2896.25,-1120.0,91.2,-15.2,-419.52
347677.4276,114.314,-271.938,965.264,218.75,2616.25,-656.25,100.32,-16.72,-405.84
347677.4776,114.741,-282.857,967.338,-367.5,2598.75,-840.0,85.12,-18.24,-405.84
347677.5276,119.133,-283.894,964.288,551.25,2966.25,-647.5,91.2,-9.12,-402.8
347677.5776,115.717,-279.563,967.094,96.25,2327.5,-595.0,92.72,-10.64,-410.4
347677.6276,116.632,-277.611,970.693,-1067.5,3867.5,-936.25,104.88,-15.2,-393.68
347677.6776,108.58,-285.541,970.144,-857.5,3036.25,-638.75,88.16,-13.68,-405.84
347677.7276,118.279,-289.75,968.192,122.5,2301.25,-455.0,92.72,-10.64,-419.52
347677.7776,120.597,-287.615,967.399,43.75,2590.0,-472.5,97.28,-15.2,-407.36
347677.8276,118.645,-273.89,962.397,-437.5,3342.5,-691.25,97.28,-15.2,-404.32
347677.8776,115.107,-285.602,967.704,-743.75,3552.5,-1312.5,100.32,-7.6,-419.52
347677.9276,111.142,-285.541,970.632,-96.25,2406.25,-1128.75,82.08,-27.36,-413.44
347677.9776,119.682,-289.201,968.497,-253.75,2852.5,-647.5,94.24,-9.12,-410.4
347678.0276,116.327,-287.798,970.632,437.5,2975.0,-822.5,100.32,-16.72,-401.28
347678.0776,115.412,-278.953,966.545,-428.75,2878.75,-866.25,89.68,-16.72,-399.76
347678.1276,119.316,-279.197,969.168,315.0,3027.5,-586.25,89.68,-6.08,-404.32
347678.1776,116.998,-277.062,966.667,-612.5,3115.0,-901.25,106.4,-9.12,-395.2
347678.2276,113.216,-288.164,967.948,-428.75,2826.25,-901.25,97.28,-22.8,-398.24
347678.2776,119.987,-281.515,964.288,-700.0,2765.0,-691.25,97.28,-12.16,-398.24
347678.3276,123.464,-283.955,967.521,393.75,4130.0,-1093.75,88.16,-4.56,-401.28
347678.3776,109.8,-284.26,969.473,-1400.0,2966.25,-1242.5,97.28,3.04,-404.32
347678.4276,111.447,-296.948,969.168,-140.0,2572.5,-463.75,91.2,-12.16,-414.96
347678.4776,118.401,-283.833,964.959,533.75,2222.5,17.5,89.68,3.04,-402.8
347678.5276,121.817,-286.883,965.935,-350.0,2922.5,-481.25,89.68,-12.16,-402.8
347678.5776,119.438,-282.43,965.386,35.0,3316.25,-1032.5,92.72,-12.16,-393.68
347678.6276,118.523,-289.994,968.131,-708.75,2607.5,-743.75,95.76,-6.08,-404.32
347678.6776,120.414,-290.421,966.484,148.75,2878.75,-621.25,91.2,-13.68,-405.84
347678.7276,118.706,-283.04,966.606,603.75,3010.0,-630.0,97.28,-10.64,-414.96
347678.7776,113.887,-286.944,968.009,-428.75,3263.75,-778.75,97.28,-10.64,-398.24
347678.8276,119.987,-288.713,965.081,525.0,2773.75,-831.25,94.24,-12.16,-401.28
347678.8776,119.133,-285.724,968.619,210.0,3062.5,-936.25,103.36,-13.68,-410.4
347678.9276,114.985,-287.005,966.911,-350.0,3088.75,-875.0,94.24,-19.76,-404.32
347678.9776,123.708,-284.382,966.301,-988.75,2773.75,-280.0,82.08,-15.2,-401.28
347679.0276,121.146,-293.471,966.057,682.5,2843.75,-192.5,88.16,-10.64,-395.2
347679.0776,111.386,-272.365,969.229,-770.0,3911.25,-1041.25,88.16,-10.64,-401.28
347679.1276,112.057,-290.055,967.948,-1006.25,2467.5,-691.25,97.28,-12.16,-404.32
347679.1776,115.961,-286.212,964.349,813.75,2485.0,-472.5,92.72,-18.24,-392.16
347679.2276,120.658,-286.639,963.19,-840.0,3482.5,-533.75,95.76,-15.2,-410.4
347679.2776,118.645,-292.556,964.776,752.5,2835.0,-411.25,94.24,-7.6,-408.88
347679.3276,114.436,-278.77,968.558,-560.0,3193.75,-1356.25,79.04,-3.04,-396.72
347679.3777,117.73,-289.262,967.094,-1155.0,3158.75,-761.25,92.72,-12.16,-418.0
347679.4276,120.17,-289.262,965.935,630.0,2817.5,-472.5,95.76,-10.64,-413.44
347679.4777,111.752,-289.384,967.277,-201.25,3727.5,-778.75,98.8,0.0,-419.52
347679.5276,106.384,-287.127,967.216,411.25,2765.0,-1330.0,80.56,-15.2,-401.28
347679.5776,117.242,-283.589,966.972,-446.25,2642.5,-87.5,85.12,-6.08,-408.88
347679.6276,116.632,-289.567,968.07,-280.0,2397.5,-341.25,85.12,-12.16,-424.08
347679.6776,114.07,-286.944,965.935,-621.25,2826.25,-682.5,107.92,-7.6,-392.16
347679.7276,119.194,-292.678,964.105,-157.5,2843.75,52.5,104.88,-13.68,-392.16
347679.7776,123.22,-280.173,965.203,490.0,3640.0,-1216.25,95.76,-12.16,-411.92
347679.8276,105.53,-286.883,968.07,-1741.25,2756.25,-962.5,89.68,-4.56,-399.76
347679.8776,111.996,-302.499,962.092,-586.25,1863.75,157.5,107.92,-15.2,-398.24
347679.9276,121.695,-285.297,967.948,1041.25,2423.75,-402.5,95.76,-16.72,-393.68
347679.9776,115.168,-292.495,962.702,-105.0,3290.0,-1251.25,97.28,-15.2,-408.88
347680.0276,118.706,-283.589,965.935,166.25,3526.25,-472.5,94.24,-10.64,-398.24
347680.0776,115.046,-290.116,968.802,-367.5,2283.75,-332.5,97.28,-15.2,-401.28
347680.1276,123.525,-294.02,964.959,-105.0,3062.5,-393.75,79.04,1.52,-405.84
347680.1776,119.682,-283.467,965.63,901.25,3631.25,-306.25,103.36,-10.64,-410.4
347680.2276,113.216,-286.334,966.789,-910.0,2791.25,-708.75,100.32,-13.68,-402.8
347680.2776,124.684,-291.58,963.312,-218.75,3001.25,-761.25,89.68,-4.56,-395.2
347680.3276,111.142,-289.75,968.253,-236.25,3281.25,-778.75,95.76,-13.68,-404.32
347680.3776,111.569,-295.85,967.826,-96.25,2878.75,-875.0,91.2,-4.56,-411.92
347680.4276,116.51,-289.445,962.092,-192.5,3141.25,-743.75,104.88,-7.6,-405.84
347680.4776,116.449,-290.299,969.595,-122.5,2397.5,0.0,103.36,-4.56,-396.72
347680.5276,110.105,-285.785,966.911,-1093.75,4103.75,-61.25,86.64,-4.56,-422.56
347680.5776,109.922,-301.279,966.484,183.75,2511.25,-1102.5,92.72,-18.24,-410.4
347680.6276,119.072,-291.336,963.739,1216.25,2922.5,-612.5,97.28,-12.16,-392.16
347680.6776,110.471,-282.918,967.216,-350.0,3123.75,-411.25,100.32,-10.64,-402.8
347680.7276,115.534,-291.641,963.556,-227.5,2616.25,-980.0,98.8,-7.6,-402.8
347680.7776,116.022,-291.214,967.765,-437.5,3508.75,-1496.25,91.2,-12.16,-408.88
347680.8276,107.97,-286.578,965.264,-638.75,3123.75,-1076.25,104.88,-13.68,-402.8
347680.8776,116.327,-294.935,967.765,-472.5,2808.75,-945.0,95.76,-4.56,-404.32
347680.9276,110.654,-288.225,965.935,455.0,3106.25,-236.25,92.72,-15.2,-396.72
347680.9776,111.996,-283.65,964.837,-183.75,2660.0,-245.0,95.76,-6.08,-410.4
347681.0276,116.144,-288.774,963.678,-997.5,3088.75,8.75,112.48,3.04,-411.92
347681.0776,109.19,-298.778,968.009,-770.0,2940.0,-717.5,91.2,-13.68,-399.76
347681.1276,115.473,-294.325,967.216,-280.0,2502.5,-831.25,91.2,3.04,-402.8
347681.1776,114.497,-306.037,967.338,-560.0,2458.75,-498.75,103.36,-7.6,-399.76
347681.2276,123.22,-286.639,969.717,1163.75,3683.75,-1408.75,109.44,-19.76,-407.36
347681.2776,105.774,-292.983,964.41,-875.0,2992.5,-393.75,92.72,-16.72,-402.8
347681.3276,116.571,-295.789,960.567,-166.25,2397.5,-542.5,91.2,-10.64,-404.32
347681.3776,120.048,-288.652,962.702,481.25,2721.25,-560.0,106.4,-12.16,-399.76
347681.4276,111.386,-289.933,964.776,-892.5,2940.0,-927.5,97.28,3.04,-398.24
347681.4776,115.9,-290.177,966.484,-743.75,3395.0,-1610.0,98.8,-9.12,-411.92
347681.5276,112.667,-299.754,968.436,-490.0,3071.25,-787.5,100.32,-3.04,-422.56
347681.5776,117.669,-289.445,964.898,-306.25,3080.0,-726.25,86.64,0.0,-392.16
347681.6276,112.24,-303.109,968.68,-8.75,3535.0,-525.0,98.8,-13.68,-404.32
347681.6776,109.312,-292.739,966.85,-70.0,2677.5,-1032.5,95.76,-6.08,-405.84
347681.7276,115.778,-292.495,962.519,490.0,2432.5,-831.25,91.2,-6.08,-418.0
347681.7776,110.471,-290.787,964.227,-463.75,2765.0,-630.0,92.72,-9.12,-407.36
347681.8276,110.837,-297.009,963.922,-1505.0,3027.5,-586.25,86.64,-7.6,-390.64
347681.8776,118.157,-295.728,963.495,-35.0,2476.25,-560.0,86.64,-3.04,-402.8
347681.9276,120.597,-294.752,965.447,-131.25,3876.25,-332.5,83.6,-6.08,-401.28
347681.9776,109.068,-291.641,970.327,-603.75,3500.0,-910.0,100.32,10.64,-404.32
347682.0276,111.874,-306.769,962.275,-323.75,2730.0,-638.75,104.88,-9.12,-393.68
347682.0776,116.754,-295.606,964.593,980.0,2598.75,-463.75,95.76,-15.2,-408.88
347682.1276,119.926,-295.545,960.201,-717.5,3272.5,-936.25,89.68,-13.68,-418.0
347682.1776,116.449,-297.68,962.885,-236.25,3237.5,-1146.25,97.28,-9.12,-399.76
347682.2276,109.373,-296.277,968.863,-70.0,2913.75,-1085.0,106.4,-7.6,-395.2
347682.2776,114.436,-300.791,965.63,-297.5,2572.5,-428.75,100.32,-10.64,-395.2
347682.3277,114.741,-303.048,964.593,700.0,2887.5,-612.5,88.16,-6.08,-414.96
347682.3776,110.654,-291.519,965.203,306.25,3447.5,-945.0,94.24,-4.56,-396.72
347682.4277,115.168,-292.922,962.275,-35.0,2791.25,-490.0,95.76,-6.08,-393.68
347682.4776,112.545,-293.349,963.373,297.5,2922.5,-551.25,95.76,-16.72,-407.36
347682.5276,115.656,-298.534,967.765,-446.25,3325.0,-1006.25,89.68,-7.6,-413.44
347682.5776,104.005,-301.767,967.094,8.75,3141.25,-752.5,95.76,-16.72,-410.4
347682.6276,115.412,-294.203,960.079,481.25,2275.0,-87.5,97.28,-3.04,-413.44
347682.6776,118.035,-285.846,966.85,-26.25,3648.75,-691.25,91.2,-13.68,-405.84
347682.7276,108.58,-295.667,965.996,-1251.25,3185.0,-577.5,74.48,-9.12,-407.36
347682.7776,115.168,-301.584,962.946,140.0,2677.5,-551.25,83.6,-15.2,-398.24
347682.8276,119.133,-291.519,965.081,-70.0,2555.0,-17.5,95.76,-6.08,-407.36
347682.8776,111.447,-301.035,963.068,420.0,3368.75,-621.25,88.16,4.56,-390.64
347682.9276,106.994,-294.996,967.765,-385.0,3587.5,-1260.0,95.76,0.0,-398.24
347682.9776,112.484,-298.168,968.741,-271.25,2493.75,-1443.75,107.92,-21.28,-401.28
347683.0276,118.279,-298.351,961.787,621.25,3053.75,-315.0,94.24,-10.64,-386.08
347683.0776,112.179,-295.301,963.068,472.5,3657.5,-341.25,101.84,-12.16,-407.36
347683.1276,110.105,-287.676,964.898,236.25,3001.25,-1435.0,94.24,-4.56,-414.96
347683.1776,112.057,-293.288,962.458,-43.75,3088.75,-498.75,104.88,-18.24,-416.48
347683.2276,110.105,-294.996,965.691,341.25,3272.5,-1093.75,106.4,-4.56,-398.24
347683.2776,111.386,-295.728,963.495,175.0,3150.0,-1015.0,88.16,-7.6,-398.24
347683.3276,106.14,-295.484,963.861,-306.25,3430.0,-201.25,85.12,-12.16,-407.36
347683.3776,122.793,-289.872,970.693,393.75,3736.25,-1207.5,112.48,-16.72,-402.8
347683.4276,106.018,-295.057,968.192,-446.25,3867.5,-752.5,95.76,-10.64,-401.28
347683.4776,108.397,-296.277,964.349,-43.75,2441.25,-525.0,89.68,-13.68,-402.8
347683.5276,113.521,-299.388,964.593,542.5,2835.0,-577.5,106.4,-4.56,-396.72
347683.5776,109.007,-292.373,963.434,-175.0,3648.75,-708.75,100.32,-7.6,-387.6
347683.6276,109.678,-293.105,967.094,43.75,3062.5,-1102.5,92.72,-6.08,-407.36
347683.6776,101.809,-294.752,968.375,-61.25,2870.0,-735.0,98.8,-6.08,-407.36
347683.7276,117.913,-291.885,964.044,350.0,2476.25,-638.75,98.8,-3.04,-413.44
347683.7776,109.556,-292.434,963.068,735.0,3132.5,-428.75,107.92,-10.64,-401.28
347683.8276,108.336,-281.088,965.447,332.5,2546.25,-1041.25,83.6,4.56,-386.08
347683.8776,112.24,-295.179,962.641,-612.5,2310.0,-306.25,88.16,-12.16,-410.4
347683.9276,111.935,-301.401,966.362,-481.25,3158.75,-516.25,92.72,-10.64,-410.4
347683.9776,108.092,-294.813,966.545,-463.75,2598.75,-945.0,91.2,-10.64,-392.16
347684.0276,111.325,-300.913,965.142,-437.5,2826.25,-490.0,91.2,-13.68,-407.36
347684.0776,115.961,-301.279,963.8,437.5,2712.5,-516.25,97.28,4.56,-387.6
347684.1276,107.726,-289.079,969.778,-157.5,3167.5,-551.25,98.8,-16.72,-401.28
347684.1776,107.482,-295.911,964.41,-743.75,2677.5,-183.75,85.12,-10.64,-401.28
347684.2276,116.449,-297.924,960.872,376.25,2257.5,-743.75,100.32,-9.12,-405.84
347684.2776,117.974,-292.434,962.275,-148.75,3307.5,-306.25,101.84,-9.12,-407.36
347684.3276,113.216,-296.399,964.044,-78.75,2905.0,-577.5,95.76,-7.6,-386.08
347684.3776,111.63,-298.412,969.595,-175.0,2966.25,-1268.75,100.32,-7.6,-411.92
347684.4276,113.826,-298.351,963.861,-113.75,2975.0,-805.0,86.64,-4.56,-413.44
347684.4776,112.606,-300.669,967.399,875.0,2870.0,-463.75,100.32,-4.56,-408.88
347684.5276,111.142,-292.251,964.044,-157.5,2966.25,-1155.0,95.76,-15.2,-386.08
347684.5776,113.582,-291.58,962.275,157.5,2843.75,-1198.75,95.76,-12.16,-393.68
347684.6276,111.691,-299.693,963.129,-105.0,3561.25,-411.25,101.84,0.0,-408.88
347684.6776,109.495,-299.876,965.691,393.75,2948.75,-1076.25,106.4,-12.16,-399.76
347684.7276,111.691,-295.728,966.606,-96.25,2625.0,-761.25,95.76,-12.16,-405.84
347684.7776,112.362,-298.595,963.8,-393.75,2887.5,-297.5,86.64,1.52,-399.76
347684.8276,121.207,-291.519,964.105,630.0,3465.0,-787.5,109.44,-12.16,-393.68
347684.8776,104.737,-295.606,965.691,-577.5,2765.0,-586.25,91.2,-7.6,-402.8
347684.9276,107.848,-302.743,964.41,-183.75,2441.25,-402.5,97.28,0.0,-411.92
347684.9776,117.364,-296.948,964.41,131.25,2450.0,-297.5,94.24,-9.12,-405.84
347685.0276,115.351,-294.447,963.129,-131.25,3412.5,-630.0,86.64,-12.16,-402.8
347685.0776,114.314,-294.325,963.068,-455.0,3316.25,-901.25,94.24,-6.08,-393.68
347685.1276,105.774,-291.763,965.569,-945.0,2660.0,-280.0,94.24,-6.08,-407.36
347685.1778,115.229,-301.767,963.983,-1400.0,2423.75,-315.0,97.28,4.56,-408.88
347685.2276,113.155,-306.281,964.776,726.25,3132.5,-1216.25,115.52,6.08,-395.2
347685.2777,113.948,-293.288,964.593,498.75,3018.75,-1128.75,69.92,0.0,-393.68
347685.3276,110.41,-301.95,965.142,288.75,2686.25,-481.25,95.76,1.52,-407.36
347685.3776,115.229,-292.922,962.031,402.5,3141.25,-813.75,104.88,-9.12,-396.72
347685.4276,108.824,-297.253,964.166,-280.0,3325.0,-787.5,94.24,-16.72,-386.08
347685.4776,116.754,-298.29,960.445,-638.75,2878.75,-498.75,98.8,-9.12,-405.84
347685.5276,120.597,-303.658,966.057,875.0,2721.25,-498.75,92.72,-24.32,-404.32
347685.5776,106.628,-290.97,967.887,-411.25,3491.25,-1321.25,106.4,-15.2,-405.84
347685.6276,110.227,-306.281,966.301,271.25,2642.5,-420.0,91.2,-10.64,-405.84
347685.6776,113.582,-296.338,962.641,953.75,2756.25,-148.75,91.2,0.0,-410.4
347685.7276,109.678,-294.203,962.031,280.0,3228.75,-866.25,101.84,-12.16,-413.44
347685.7776,111.02,-289.079,964.959,-8.75,2826.25,-936.25,107.92,-4.56,-396.72
347685.8276,110.166,-296.277,967.216,-1680.0,2030.0,297.5,95.76,-9.12,-407.36
347685.8776,122.549,-305.549,961.848,236.25,3185.0,-787.5,95.76,-6.08,-402.8
347685.9276,116.022,-299.937,966.423,52.5,3631.25,-1732.5,100.32,-7.6,-402.8
347685.9776,107.97,-301.767,965.508,358.75,3491.25,-1216.25,94.24,-7.6,-386.08
347686.0276,106.262,-296.643,964.105,787.5,3193.75,-481.25,94.24,-6.08,-401.28
347686.0776,111.813,-297.436,963.861,183.75,3018.75,-787.5,97.28,-13.68,-404.32
347686.1276,111.447,-296.399,964.41,-113.75,3158.75,-1225.0,100.32,0.0,-407.36
347686.1776,115.839,-287.31,961.177,-595.0,2983.75,-621.25,91.2,-3.04,-408.88
347686.2276,125.111,-298.168,968.192,-621.25,3395.0,-288.75,97.28,-18.24,-399.76
347686.2776,108.031,-299.571,969.534,-726.25,3815.0,-848.75,106.4,-3.04,-396.72
347686.3276,107.543,-310.002,963.373,262.5,2598.75,-87.5,109.44,-12.16,-396.72
347686.3776,114.436,-298.9,961.665,892.5,2940.0,-323.75,97.28,6.08,-399.76
347686.4276,109.068,-298.351,961.177,735.0,3010.0,-787.5,80.56,-13.68,-407.36
347686.4776,119.194,-295.057,963.678,586.25,3561.25,-1268.75,104.88,-10.64,-402.8
347686.5276,109.373,-290.421,966.728,-498.75,3438.75,-1470.0,109.44,-13.68,-395.2
347686.5776,110.898,-301.889,961.116,-612.5,3237.5,-603.75,97.28,-18.24,-395.2
347686.6276,109.983,-305.183,966.484,280.0,3368.75,-621.25,88.16,-12.16,-416.48
347686.6776,107.36,-295.362,962.58,638.75,2870.0,-883.75,103.36,-12.16,-405.84
347686.7276,112.423,-297.619,963.251,-70.0,2992.5,-236.25,98.8,3.04,-410.4
347686.7776,112.301,-298.351,963.068,708.75,2983.75,-1015.0,88.16,-6.08,-398.24
347686.8276,109.617,-291.519,964.959,157.5,3010.0,-1015.0,88.16,0.0,-405.84
347686.8776,111.325,-292.556,964.166,17.5,2948.75,-1111.25,97.28,-9.12,-396.72
347686.9276,118.401,-299.632,967.704,2117.5,2406.25,-1198.75,101.84,-7.6,-401.28
347686.9776,103.334,-290.36,964.532,315.0,3246.25,-253.75,88.16,-13.68,-408.88
347687.0276,107.97,-291.214,964.715,-35.0,2275.0,-201.25,88.16,-7.6,-398.24
347687.0776,117.303,-301.889,962.214,647.5,2441.25,-542.5,91.2,-4.56,-386.08
347687.1276,121.024,-292.373,962.458,1102.5,3185.0,-831.25,100.32,3.04,-402.8
347687.1776,110.288,-297.009,964.471,262.5,3255.0,-1286.25,95.76,-12.16,-414.96
347687.2276,105.103,-297.924,966.362,-1032.5,2835.0,-918.75,104.88,-7.6,-407.36
347687.2776,113.704,-296.948,968.924,822.5,2712.5,-831.25,104.88,-19.76,-401.28
347687.3276,115.29,-289.689,964.288,332.5,2835.0,-358.75,95.76,-13.68,-399.76
347687.3776,113.582,-289.201,964.471,551.25,3115.0,-647.5,94.24,7.6,-402.8
347687.4276,110.593,-286.944,963.8,-560.0,2835.0,-350.0,97.28,-12.16,-414.96
347687.4776,112.911,-292.19,964.837,-805.0,3010.0,-463.75,95.76,-13.68,-404.32
347687.5276,109.556,-297.741,967.765,-1146.25,2826.25,-1163.75,89.68,-15.2,-398.24
347687.5776,114.741,-295.484,964.776,35.0,2616.25,-848.75,95.76,7.6,-393.68
347687.6276,111.203,-296.338,963.739,-796.25,2887.5,-8.75,98.8,-12.16,-399.76
347687.6776,112.24,-289.994,969.168,-612.5,3928.75,-717.5,91.2,7.6,-405.84
347687.7276,103.883,-292.617,968.253,-1128.75,3097.5,-892.5,92.72,-13.68,-404.32
347687.7776,109.251,-311.222,960.628,315.0,2283.75,-367.5,91.2,-6.08,-405.84
347687.8276,113.704,-287.554,965.752,-393.75,2695.0,-315.0,97.28,-6.08,-393.68
347687.8776,111.752,-301.096,959.347,-1190.0,2633.75,-245.0,83.6,-12.16,-399.76
347687.9276,111.02,-299.632,963.983,411.25,3176.25,-1015.0,88.16,-3.04,-407.36
347687.9776,110.105,-291.763,967.826,-428.75,2651.25,-980.0,100.32,-6.08,-404.32
347688.0276,112.667,-303.17,964.593,-70.0,2948.75,-455.0,80.56,-9.12,-390.64
347688.0776,112.057,-295.85,963.495,-96.25,3123.75,-411.25,100.32,-7.6,-407.36
347688.1277,110.959,-296.277,964.898,87.5,3071.25,-1137.5,98.8,-4.56,-411.92
347688.1776,109.495,-300.974,964.471,52.5,2791.25,-516.25,106.4,-4.56,-407.36
347688.2277,113.094,-295.423,964.898,-717.5,3088.75,-595.0,86.64,-15.2,-396.72
347688.2776,111.081,-308.294,964.105,35.0,2301.25,-840.0,86.64,-6.08,-413.44
347688.3277,109.678,-301.584,962.763,-140.0,2756.25,227.5,89.68,-7.6,-404.32
347688.3776,119.499,-290.116,964.532,-323.75,3587.5,-595.0,104.88,-13.68,-398.24
347688.4276,100.65,-305.183,967.826,-848.75,3123.75,-761.25,112.48,-3.04,-389.12
347688.4776,106.384,-307.806,963.495,-323.75,2266.25,-551.25,97.28,-7.6,-404.32
347688.5276,117.547,-298.046,963.434,96.25,2975.0,-700.0,79.04,3.04,-405.84
347688.5776,108.58,-304.146,958.981,-175.0,3526.25,-866.25,103.36,-12.16,-398.24
347688.6276,110.532,-298.839,964.715,-52.5,3972.5,-1461.25,97.28,-12.16,-398.24
347688.6776,110.837,-305.854,967.887,-341.25,2371.25,-953.75,91.2,-7.6,-414.96
347688.7276,113.704,-301.157,961.787,131.25,2966.25,-516.25,88.16,-6.08,-410.4
347688.7776,111.264,-303.475,963.861,227.5,3263.75,-551.25,115.52,-12.16,-393.68
347688.8276,107.36,-301.096,961.238,358.75,3298.75,-1356.25,92.72,-7.6,-399.76
347688.8776,109.8,-297.619,959.957,-560.0,2957.5,-280.0,88.16,-3.04,-396.72
347688.9276,110.654,-301.95,965.63,52.5,3123.75,-735.0,98.8,-9.12,-410.4
347688.9776,107.848,-300.12,965.691,183.75,2843.75,-1076.25,89.68,3.04,-402.8
347689.0279,104.92,-300.12,961.116,306.25,2791.25,-612.5,89.68,1.52,-413.44
347689.0776,118.706,-303.841,966.789,673.75,2940.0,-673.75,91.2,1.52,-413.44
347689.1276,102.053,-297.497,963.068,-498.75,3701.25,-481.25,97.28,-7.6,-399.76
347689.1776,108.824,-311.893,960.445,936.25,2266.25,-1067.5,100.32,-4.56,-398.24
347689.2276,111.935,-293.471,960.933,813.75,2992.5,-437.5,98.8,-7.6,-421.04
347689.2776,106.445,-296.399,960.567,411.25,3158.75,-630.0,97.28,-6.08,-404.32
347689.3276,111.996,-296.399,964.471,796.25,2782.5,-1277.5,91.2,0.0,-389.12
347689.3776,108.763,-290.726,963.312,-306.25,2668.75,-393.75,100.32,-15.2,-410.4
347689.4276,110.288,-301.218,963.861,866.25,3053.75,-297.5,94.24,-16.72,-398.24
347689.4776,110.837,-291.702,965.081,332.5,3010.0,-770.0,86.64,-10.64,-408.88
347689.5276,108.031,-292.556,962.031,253.75,3491.25,-1111.25,114.0,-7.6,-408.88
347689.5776,105.591,-295.972,965.569,-148.75,2738.75,-595.0,83.6,-3.04,-386.08
347689.6276,109.495,-298.351,963.8,-525.0,2983.75,-568.75,97.28,-9.12,-408.88
347689.6776,102.724,-304.39,965.02,-455.0,2843.75,-1093.75,101.84,-10.64,-407.36
347689.7276,112.057,-296.155,962.092,-96.25,2502.5,-971.25,107.92,-3.04,-405.84
347689.7776,116.205,-295.789,965.935,306.25,2826.25,-192.5,101.84,-9.12,-407.36
347689.8276,108.275,-294.325,968.985,-315.0,3552.5,-726.25,95.76,-4.56,-407.36
347689.8776,108.031,-297.497,963.007,-1242.5,2520.0,-306.25,100.32,-15.2,-402.8
347689.9276,111.386,-306.22,962.397,560.0,2196.25,-96.25,100.32,-16.72,-395.2
347689.9776,117.364,-293.593,959.591,630.0,2966.25,-647.5,103.36,-6.08,-401.28
347690.0276,114.558,-298.412,964.166,140.0,3351.25,-1321.25,86.64,-7.6,-421.04
347690.0776,106.262,-294.935,964.227,-630.0,3255.0,-1260.0,88.16,-6.08,-399.76
347690.1276,112.911,-294.142,961.543,-1198.75,2878.75,-455.0,106.4,-13.68,-401.28
347690.1776,110.166,-302.438,967.582,1023.75,2773.75,-936.25,89.68,-10.64,-405.84
347690.2276,109.434,-293.166,964.837,437.5,2870.0,-962.5,86.64,-9.12,-399.76
347690.2776,108.519,-302.072,963.373,393.75,2703.75,-752.5,97.28,0.0,-418.0
347690.3276,109.312,-299.632,963.129,166.25,2940.0,-638.75,86.64,-13.68,-404.32
347690.3776,111.325,-295.667,965.264,-262.5,3080.0,-918.75,98.8,-6.08,-402.8
347690.4276,103.517,-300.486,962.702,-595.0,2310.0,-481.25,100.32,-4.56,-401.28
347690.4776,115.229,-303.536,965.63,131.25,2563.75,-490.0,92.72,0.0,-386.08
347690.5276,114.558,-293.166,965.691,-1286.25,4445.0,-1373.75,95.76,3.04,-373.92
347690.5776,99.491,-306.769,964.044,-1111.25,3902.5,-1417.5,95.76,-3.04,-416.48
347690.6276,111.996,-309.514,959.835,708.75,1741.25,-1951.25,97.28,-3.04,-411.92
347690.6776,121.634,-297.497,962.275,236.25,3211.25,113.75,106.4,-6.08,-395.2
347690.7276,99.064,-302.987,964.593,70.0,2843.75,-315.0,88.16,-6.08,-395.2
347690.7776,112.301,-296.399,963.861,-26.25,3088.75,-1216.25,100.32,-13.68,-392.16
347690.8276,106.994,-300.059,966.423,-743.75,2765.0,-463.75,100.32,-9.12,-404.32
347690.8776,114.741,-306.464,963.739,0.0,2668.75,-271.25,89.68,0.0,-395.2
347690.9276,115.717,-302.865,961.36,1041.25,3220.0,-778.75,97.28,-3.04,-396.72
347690.9776,104.859,-299.815,964.898,210.0,3211.25,-1400.0,95.76,-13.68,-393.68
347691.0276,110.288,-298.656,961.238,17.5,2878.75,-157.5,98.8,-4.56,-398.24
347691.0778,112.484,-299.876,963.8,-218.75,3290.0,-621.25,94.24,-9.12,-411.92
347691.1276,107.36,-301.523,965.02,-402.5,2625.0,-735.0,92.72,4.56,-408.88
347691.1777,106.689,-299.51,960.75,87.5,2598.75,-358.75,94.24,-4.56,-395.2
347691.2276,124.135,-294.813,965.264,148.75,3648.75,-743.75,83.6,-9.12,-404.32
347691.2776,102.968,-310.734,963.312,-498.75,3351.25,-700.0,72.96,-10.64,-410.4
347691.3276,106.201,-310.795,959.774,866.25,2598.75,-1076.25,103.36,-16.72,-414.96
347691.3776,113.704,-292.19,961.238,910.0,3176.25,-385.0,101.84,-7.6,-405.84
347691.4276,106.201,-297.314,961.177,35.0,2931.25,105.0,109.44,6.08,-408.88
347691.4776,108.641,-300.303,965.935,253.75,2983.75,-1268.75,82.08,-3.04,-414.96
347691.5276,114.985,-296.46,965.691,-568.75,3158.75,-910.0,107.92,-9.12,-392.16
347691.5776,110.105,-307.623,964.349,43.75,3115.0,-96.25,101.84,-12.16,-390.64
347691.6276,107.543,-300.852,957.09,490.0,2738.75,-638.75,101.84,-15.2,-402.8
347691.6776,113.948,-291.641,960.872,148.75,3150.0,-603.75,89.68,-13.68,-416.48
347691.7276,107.543,-299.449,962.58,253.75,2966.25,-866.25,100.32,-10.64,-386.08
347691.7776,107.909,-297.009,963.373,306.25,3176.25,-936.25,92.72,-15.2,-401.28
347691.8276,109.678,-301.523,961.97,-323.75,2800.0,-743.75,100.32,-6.08,-408.88
347691.8776,111.142,-298.961,965.508,-638.75,2870.0,-533.75,98.8,-7.6,-410.4
347691.9276,111.508,-298.412,965.996,245.0,4200.0,-1085.0,92.72,-10.64,-399.76
347691.9776,105.164,-301.889,962.031,-105.0,2721.25,-638.75,82.08,0.0,-407.36
347692.0276,110.044,-301.218,962.885,-350.0,2782.5,-280.0,91.2,-6.08,-414.96
347692.0776,112.24,-301.523,962.58,280.0,2852.5,-507.5,95.76,-9.12,-401.28
347692.1276,107.787,-301.462,961.177,35.0,2957.5,-805.0,106.4,-9.12,-402.8
347692.1776,105.225,-297.436,963.739,-306.25,3333.75,-875.0,80.56,-6.08,-401.28
347692.2276,109.983,-300.974,961.177,0.0,2406.25,-533.75,94.24,4.56,-399.76
347692.2776,109.617,-303.109,962.031,1058.75,2528.75,-525.0,101.84,-6.08,-413.44
347692.3276,112.667,-289.506,964.288,787.5,2992.5,-770.0,97.28,-16.72,-402.8
347692.3776,107.482,-294.874,963.983,551.25,2922.5,-796.25,101.84,-6.08,-407.36
347692.4276,109.922,-293.288,960.872,-201.25,2800.0,-962.5,95.76,-10.64,-404.32
347692.4776,104.066,-297.497,962.519,-560.0,3132.5,-892.5,103.36,-3.04,-402.8
347692.5276,106.628,-297.436,967.033,-35.0,2791.25,-638.75,95.76,-9.12,-395.2
347692.5776,114.985,-298.656,966.24,-43.75,2493.75,96.25,88.16,-12.16,-393.68
347692.6276,102.114,-298.534,968.07,-1137.5,3228.75,-148.75,97.28,-4.56,-402.8
347692.6776,104.798,-312.564,964.471,-490.0,2590.0,-122.5,88.16,-9.12,-401.28
347692.7276,112.606,-299.998,964.593,1120.0,2677.5,-201.25,85.12,-6.08,-399.76
347692.7776,113.887,-295.057,961.543,-140.0,3185.0,-533.75,79.04,-4.56,-414.96
347692.8276,108.641,-296.643,961.543,-218.75,2817.5,-988.75,106.4,-9.12,-399.76
347692.8776,104.798,-297.924,965.63,-560.0,2905.0,-962.5,92.72,-10.64,-390.64
347692.9276,110.166,-300.852,964.654,-43.75,2336.25,-735.0,106.4,-6.08,-411.92
347692.9776,114.985,-299.449,961.665,-280.0,2966.25,-227.5,109.44,-13.68,-401.28
347693.0276,107.604,-302.316,964.959,17.5,3150.0,-411.25,109.44,-10.64,-402.8
347693.0776,106.201,-294.996,965.081,-367.5,2948.75,-393.75,98.8,-6.08,-404.32
347693.1276,105.53,-298.107,960.323,227.5,2336.25,-507.5,98.8,-6.08,-416.48
347693.1776,106.933,-300.059,961.726,-796.25,2826.25,-586.25,98.8,0.0,-398.24
347693.2276,113.887,-304.634,960.628,-385.0,2817.5,-490.0,94.24,-16.72,-399.76
347693.2776,117.364,-294.691,962.702,-297.5,2948.75,227.5,91.2,-3.04,-405.84
347693.3276,104.676,-304.878,966.728,-1531.25,3185.0,-752.5,98.8,-10.64,-407.36
347693.3776,107.787,-312.808,963.251,-568.75,2388.75,-1041.25,101.84,-4.56,-393.68
347693.4276,109.251,-304.939,962.824,691.25,2773.75,-411.25,86.64,-4.56,-413.44
347693.4776,113.216,-304.512,960.018,-87.5,3228.75,-936.25,101.84,-13.68,-407.36
347693.5276,114.436,-299.449,960.445,315.0,3193.75,-1006.25,98.8,1.52,-381.52
347693.5776,106.445,-296.765,964.959,236.25,2896.25,-1338.75,110.96,-4.56,-396.72
347693.6276,109.495,-299.388,966.179,-1120.0,2388.75,-507.5,94.24,-9.12,-413.44
347693.6776,112.484,-309.941,965.203,630.0,3325.0,-673.75,95.76,-12.16,-411.92
347693.7276,108.885,-296.887,963.068,472.5,3246.25,-1198.75,89.68,-12.16,-404.32
347693.7776,110.227,-297.009,961.177,-210.0,3578.75,-411.25,82.08,-10.64,-380.0
347693.8276,105.774,-302.926,962.275,533.75,2843.75,-673.75,95.76,-6.08,-408.88
347693.8776,111.02,-301.523,961.299,-507.5,2598.75,-831.25,104.88,-3.04,-404.32
347693.9276,111.386,-309.758,961.482,-17.5,3088.75,-218.75,95.76,-4.56,-402.8
347693.9776,107.116,-296.094,969.29,-778.75,3762.5,-1172.5,83.6,6.08,-393.68
347694.0276,96.868,-312.808,965.569,-1286.25,2590.0,-647.5,88.16,3.04,-389.12
347694.0776,110.837,-306.525,959.469,1216.25,2345.0,-131.25,106.4,0.0,-404.32
347694.1277,115.839,-295.301,960.811,717.5,3045.0,-227.5,109.44,-19.76,-395.2
347694.1776,109.434,-302.865,960.811,-280.0,3290.0,-770.0,85.12,-4.56,-396.72
347694.2277,99.674,-301.096,965.813,-542.5,3508.75,-1015.0,103.36,-7.6,-395.2
347694.2776,105.469,-306.708,964.532,-516.25,2467.5,-708.75,101.84,-10.64,-390.64
347694.3276,110.532,-308.782,964.166,822.5,3272.5,-306.25,91.2,-12.16,-404.32
347694.3776,107.421,-302.316,962.702,717.5,3526.25,-446.25,106.4,-3.04,-398.24
347694.4276,105.286,-297.314,962.946,481.25,2975.0,-857.5,98.8,6.08,-413.44
347694.4776,111.325,-294.996,960.628,87.5,3001.25,-507.5,110.96,-3.04,-399.76
347694.5276,106.445,-306.647,961.909,-437.5,2642.5,-831.25,97.28,-7.6,-404.32
347694.5776,107.909,-311.1,964.349,-1023.75,3036.25,-192.5,100.32,-10.64,-416.48
347694.6276,113.948,-300.974,967.094,-87.5,3990.0,-787.5,112.48,-7.6,-390.64
347694.6776,98.942,-308.965,964.776,-682.5,2826.25,-525.0,97.28,-6.08,-389.12
347694.7276,106.933,-314.272,961.238,280.0,2572.5,-691.25,98.8,1.52,-410.4
347694.7776,113.887,-295.362,960.506,481.25,3018.75,-341.25,86.64,-7.6,-407.36
347694.8276,108.214,-304.939,961.665,-297.5,3106.25,-796.25,110.96,0.0,-386.08
347694.8776,105.53,-305.915,963.739,-280.0,3780.0,-1540.0,95.76,-4.56,-405.84
347694.9276,106.689,-308.66,966.362,271.25,2817.5,-1452.5,85.12,-9.12,-390.64
347694.9776,109.373,-304.878,962.885,770.0,3255.0,-717.5,114.0,-4.56,-407.36
347695.0276,98.82,-296.948,963.983,26.25,3473.75,-752.5,109.44,-4.56,-398.24
347695.0776,101.931,-301.157,960.14,691.25,2546.25,-1260.0,88.16,-9.12,-389.12
347695.1276,102.541,-299.022,961.604,0.0,2660.0,-918.75,97.28,-18.24,-404.32
347695.1776,110.288,-304.756,961.055,-297.5,2537.5,-192.5,97.28,-3.04,-407.36
347695.2276,109.068,-297.009,958.981,411.25,2677.5,17.5,100.32,-6.08,-398.24
347695.2776,113.338,-290.97,967.704,332.5,3745.0,-936.25,94.24,-3.04,-404.32
347695.3276,101.26,-314.333,960.384,-1198.75,2353.75,-166.25,97.28,-3.04,-411.92
347695.3776,111.325,-311.161,959.835,962.5,2047.5,-157.5,118.56,-12.16,-398.24
347695.4276,112.179,-303.536,963.617,498.75,2528.75,-376.25,94.24,-9.12,-395.2
347695.4776,108.275,-301.34,959.835,-516.25,2922.5,-892.5,97.28,-12.16,-407.36
347695.5276,106.018,-304.329,965.264,-455.0,3578.75,-848.75,95.76,-3.04,-419.52
347695.5776,109.312,-305.488,964.593,61.25,2450.0,-1233.75,103.36,-13.68,-404.32
347695.6276,111.264,-304.39,962.153,630.0,3106.25,-743.75,94.24,-15.2,-393.68
347695.6776,106.079,-302.438,963.922,621.25,3202.5,-953.75,101.84,-10.64,-410.4
347695.7276,102.846,-302.255,960.994,691.25,2931.25,-1015.0,92.72,-15.2,-401.28
347695.7776,107.36,-300.974,962.031,463.75,2633.75,-393.75,101.84,-7.6,-376.96
347695.8276,101.87,-299.876,963.007,-175.0,1916.25,-743.75,101.84,-7.6,-401.28
347695.8776,114.07,-298.839,960.323,-288.75,2607.5,-376.25,98.8,-9.12,-404.32
347695.9276,115.839,-298.29,963.861,-8.75,3368.75,-717.5,95.76,-13.68,-392.16
347695.9776,101.321,-303.292,966.667,-1163.75,3255.0,-805.0,94.24,-15.2,-395.2
347696.0276,104.432,-312.991,963.129,-437.5,2143.75,-341.25,91.2,7.6,-384.56
347696.0776,112.789,-303.292,960.018,341.25,2345.0,78.75,94.24,-3.04,-404.32
347696.1276,110.227,-307.806,959.896,-498.75,3010.0,-621.25,109.44,-13.68,-413.44
347696.1776,107.482,-300.059,964.227,-306.25,3631.25,-1172.5,94.24,-9.12,-398.24
347696.2276,102.785,-304.39,966.972,-516.25,2502.5,-621.25,94.24,-10.64,-404.32
347696.2776,115.534,-311.771,961.604,-262.5,2765.0,-411.25,103.36,-3.04,-386.08
347696.3276,111.386,-310.185,963.678,936.25,3412.5,-848.75,101.84,-12.16,-401.28
347696.3776,106.567,-301.706,962.397,603.75,3036.25,-1216.25,91.2,0.0,-418.0
347696.4276,110.227,-299.571,961.665,306.25,2703.75,-612.5,86.64,-12.16,-402.8
347696.4776,108.519,-298.534,960.323,-341.25,3053.75,-717.5,109.44,-10.64,-384.56
347696.5276,111.325,-304.512,961.909,-971.25,3263.75,-936.25,77.52,-6.08,-398.24
347696.5776,107.787,-308.355,964.105,245.0,2660.0,-306.25,98.8,-4.56,-402.8
347696.6276,107.421,-295.545,965.752,-700.0,3727.5,-770.0,95.76,-10.64,-402.8
347696.6776,105.896,-317.932,962.336,-183.75,2126.25,-700.0,98.8,0.0,-398.24
347696.7276,111.63,-308.294,958.92,1181.25,2957.5,-341.25,91.2,-13.68,-404.32
347696.7776,106.872,-293.166,959.042,358.75,3561.25,-673.75,91.2,3.04,-402.8
347696.8276,110.166,-299.571,965.508,-437.5,3220.0,-1050.0,103.36,-3.04,-395.2
347696.8776,100.589,-309.819,966.606,-332.5,2721.25,-962.5,97.28,-10.64,-392.16
347696.9276,115.9,-305.305,964.959,-341.25,2642.5,-323.75,88.16,1.52,-399.76
347696.9776,113.155,-312.93,962.336,778.75,3132.5,-87.5,91.2,0.0,-402.8
347697.0276,106.811,-297.131,960.445,761.25,3071.25,-1050.0,106.4,-6.08,-399.76
347697.0776,110.776,-295.85,958.615,-183.75,3368.75,-393.75,101.84,4.56,-398.24
347697.1276,106.689,-299.205,960.323,-735.0,2896.25,-743.75,91.2,-7.6,-402.8
347697.1777,105.53,-310.368,966.728,-463.75,2642.5,-78.75,103.36,-9.12,-411.92
347697.2276,107.177,-309.453,961.543,437.5,2345.0,-96.25,89.68,6.08,-398.24
347697.2778,110.654,-296.277,965.02,-638.75,4051.25,-1076.25,98.8,-12.16,-405.84
347697.3276,99.735,-314.211,965.02,-638.75,3115.0,-700.0,101.84,1.52,-411.92
347697.3776,113.643,-299.632,959.225,17.5,2835.0,-595.0,94.24,-15.2,-396.72
347697.4276,115.229,-301.096,954.955,-1592.5,3316.25,17.5,104.88,3.04,-395.2
347697.4776,101.931,-309.758,963.312,-472.5,3500.0,-1146.25,91.2,-4.56,-405.84
347697.5276,102.297,-308.111,967.826,-918.75,2975.0,-796.25,94.24,3.04,-404.32
347697.5776,105.408,-318.298,964.654,-306.25,2310.0,-612.5,89.68,6.08,-387.6
347697.6276,110.532,-310.307,963.007,1295.0,3150.0,-560.0,98.8,-12.16,-395.2
347697.6776,108.153,-301.096,959.286,752.5,3438.75,96.25,98.8,-3.04,-396.72
347697.7276,102.907,-305.061,956.236,770.0,2773.75,35.0,100.32,-7.6,-407.36
347697.7776,104.92,-299.327,961.604,-472.5,2607.5,-1242.5,106.4,-7.6,-396.72
347697.8276,108.519,-305.61,963.8,-936.25,3167.5,-1190.0,95.76,0.0,-395.2
347697.8776,108.885,-307.074,963.19,0.0,2931.25,-1076.25,100.32,-4.56,-407.36
347697.9276,102.236,-307.196,960.994,-472.5,2800.0,-428.75,110.96,-7.6,-402.8
347697.9776,106.323,-305.366,965.508,-936.25,4830.0,-376.25,100.32,-4.56,-404.32
347698.0276,97.966,-308.172,957.456,-857.5,3036.25,157.5,98.8,-4.56,-416.48
347698.0776,107.238,-316.773,958.066,-35.0,2800.0,-78.75,91.2,4.56,-396.72
347698.1276,106.872,-303.658,957.334,166.25,3631.25,-1286.25,109.44,-13.68,-390.64
347698.1776,102.236,-307.684,963.068,-367.5,3421.25,-1242.5,101.84,-7.6,-410.4
347698.2276,101.199,-304.329,965.203,-542.5,3447.5,-1163.75,92.72,-4.56,-399.76
347698.2776,99.064,-316.163,963.434,183.75,2721.25,-910.0,106.4,-9.12,-395.2
347698.3276,108.885,-314.516,959.164,875.0,2905.0,-577.5,101.84,-10.64,-395.2
347698.3776,101.077,-304.085,963.129,936.25,3368.75,-603.75,89.68,-4.56,-408.88
347698.4276,101.016,-306.281,962.336,568.75,2931.25,-813.75,98.8,-3.04,-408.88
347698.4776,108.519,-301.584,960.201,490.0,2975.0,-1172.5,101.84,-9.12,-395.2
347698.5276,98.454,-306.769,960.201,402.5,2922.5,-656.25,94.24,-4.56,-375.44
347698.5776,106.323,-302.987,962.885,586.25,2808.75,-1032.5,97.28,1.52,-404.32
347698.6276,107.116,-300.303,968.802,-253.75,2572.5,288.75,103.36,-12.16,-408.88
347698.6776,107.665,-299.937,967.216,-673.75,4270.0,-805.0,97.28,0.0,-402.8
347698.7276,98.881,-310.246,963.8,-813.75,2240.0,-752.5,95.76,-10.64,-405.84
347698.7776,106.811,-317.688,960.445,358.75,2152.5,-533.75,91.2,-6.08,-396.72
347698.8276,108.458,-302.926,961.97,-428.75,2922.5,315.0,112.48,-12.16,-407.36
347698.8776,99.491,-312.747,959.957,148.75,2563.75,-647.5,100.32,-13.68,-405.84
347698.9276,104.127,-310.063,963.129,-376.25,2712.5,-1408.75,92.72,-3.04,-405.84
347698.9776,108.702,-310.917,964.532,446.25,3045.0,-866.25,101.84,-7.6,-405.84
347699.0276,103.639,-305.183,961.36,665.0,3325.0,-848.75,104.88,-4.56,-389.12
347699.0776,103.212,-301.096,962.641,358.75,2983.75,-787.5,106.4,-7.6,-398.24
347699.1276,100.833,-304.573,960.384,-70.0,2660.0,-743.75,104.88,1.52,-414.96
347699.1776,105.896,-305.122,961.604,-52.5,2616.25,-796.25,106.4,-12.16,-405.84
347699.2276,102.846,-310.063,961.421,-787.5,3080.0,-700.0,92.72,-4.56,-390.64
347699.2776,95.343,-313.54,964.715,-332.5,2826.25,-831.25,77.52,-4.56,-386.08
347699.3276,106.933,-306.586,959.713,43.75,2493.75,-516.25,101.84,1.52,-398.24
347699.3776,114.558,-300.852,961.909,638.75,3937.5,-805.0,106.4,-12.16,-404.32
347699.4276,98.393,-305.854,965.935,-743.75,3920.0,-840.0,95.76,0.0,-393.68
347699.4776,103.09,-312.442,958.249,35.0,2922.5,-428.75,100.32,1.52,-410.4
347699.5276,106.384,-304.878,960.262,96.25,2817.5,-61.25,97.28,6.08,-402.8
347699.5776,104.066,-307.013,958.859,-525.0,3176.25,-1023.75,97.28,0.0,-395.2
347699.6276,103.517,-310.673,962.641,358.75,3377.5,-901.25,115.52,-4.56,-404.32
347699.6776,96.258,-305.732,966.24,-262.5,2843.75,-770.0,97.28,-6.08,-414.96
347699.7276,105.347,-312.259,962.092,560.0,2572.5,-857.5,94.24,-4.56,-410.4
347699.7776,106.323,-300.364,960.445,533.75,3001.25,-420.0,109.44,-6.08,-384.56
347699.8276,103.517,-305.549,960.872,-315.0,3473.75,-1146.25,85.12,-6.08,-399.76
347699.8776,98.271,-305.671,961.848,428.75,2668.75,-446.25,103.36,0.0,-405.84
347699.9276,107.909,-305.488,960.567,-43.75,2738.75,-271.25,110.96,-4.56,-405.84
347699.9776,102.175,-310.551,963.007,341.25,2765.0,-910.0,106.4,-7.6,-410.4
347700.0276,97.051,-312.32,960.628,393.75,2581.25,-621.25,95.76,-9.12,-407.36
347700.0776,105.469,-307.989,956.785,621.25,2213.75,-682.5,95.76,-10.64,-405.84
347700.1278,113.399,-302.072,964.593,1181.25,3368.75,-1233.75,109.44,1.52,-398.24
347700.1776,100.772,-305.244,963.678,-936.25,3386.25,-831.25,101.84,-3.04,-407.36
347700.2277,102.175,-311.771,961.055,-253.75,2362.5,-796.25,89.68,-4.56,-398.24
347700.2776,108.641,-307.867,960.445,78.75,2467.5,-105.0,103.36,-9.12,-405.84
347700.3276,107.299,-304.207,960.384,393.75,3027.5,-647.5,98.8,-16.72,-399.76
347700.3776,110.471,-305.793,962.458,-280.0,3281.25,-586.25,95.76,-10.64,-408.88
347700.4276,103.151,-303.048,962.641,-971.25,3053.75,-490.0,101.84,1.52,-395.2
347700.4776,105.835,-313.906,963.251,-428.75,2633.75,-848.75,97.28,-3.04,-407.36
347700.5276,110.532,-310.124,962.153,-52.5,3071.25,-910.0,109.44,-9.12,-395.2
347700.5776,97.295,-309.453,964.288,8.75,3045.0,-805.0,92.72,-3.04,-401.28
347700.6276,102.053,-304.573,959.896,201.25,2415.0,-778.75,95.76,-13.68,-407.36
347700.6776,104.493,-312.625,960.323,96.25,2870.0,-700.0,101.84,-7.6,-411.92
347700.7276,106.811,-306.342,958.798,-577.5,2940.0,-647.5,106.4,-9.12,-399.76
347700.7776,98.637,-316.651,961.421,-280.0,2747.5,-595.0,100.32,-3.04,-393.68
347700.8276,108.824,-306.708,957.761,411.25,2940.0,-393.75,92.72,-4.56,-398.24
347700.8776,113.643,-305.549,960.018,201.25,3421.25,-542.5,103.36,-13.68,-395.2
347700.9276,94.977,-302.377,964.776,-1216.25,3018.75,35.0,107.92,-9.12,-392.16
347700.9776,101.87,-324.52,962.458,113.75,1618.75,-70.0,98.8,-13.68,-387.6
347701.0276,116.51,-307.196,959.774,980.0,2222.5,-236.25,98.8,3.04,-396.72
347701.0776,102.114,-312.503,960.933,236.25,3771.25,-1085.0,89.68,-3.04,-414.96
347701.1276,104.005,-303.963,960.567,691.25,3360.0,-1277.5,106.4,-3.04,-393.68
347701.1776,104.31,-300.852,962.763,-411.25,2896.25,-463.75,92.72,-9.12,-407.36
347701.2276,106.933,-314.516,958.127,-481.25,3036.25,-271.25,103.36,-7.6,-408.88
347701.2776,106.628,-309.453,964.105,210.0,3263.75,-778.75,94.24,-6.08,-390.64
347701.3276,102.48,-309.575,961.543,-131.25,3263.75,-796.25,97.28,-9.12,-396.72
347701.3776,105.103,-309.209,957.395,-218.75,2555.0,-542.5,97.28,1.52,-401.28
347701.4276,109.373,-312.93,960.872,271.25,3263.75,-402.5,101.84,0.0,-396.72
347701.4776,104.859,-306.647,964.166,218.75,3797.5,-1128.75,109.44,-10.64,-401.28
347701.5276,105.957,-313.052,959.469,-43.75,3080.0,-472.5,91.2,7.6,-399.76
347701.5776,100.223,-306.098,959.469,-52.5,3290.0,183.75,85.12,-10.64,-408.88
347701.6276,109.007,-305.976,962.58,-122.5,3885.0,-1207.5,100.32,-6.08,-404.32
347701.6776,98.82,-312.747,960.811,-262.5,3080.0,-1120.0,106.4,-7.6,-396.72
347701.7276,96.746,-315.187,962.58,752.5,2345.0,-437.5,89.68,3.04,-399.76
347701.7776,107.97,-309.148,960.384,682.5,2808.75,-192.5,110.96,-4.56,-393.68
347701.8276,103.639,-304.939,963.251,446.25,3158.75,-1076.25,103.36,-4.56,-408.88
347701.8776,101.077,-299.937,963.617,-113.75,3710.0,-1627.5,88.16,-9.12,-405.84
347701.9276,102.968,-314.394,963.312,-726.25,2756.25,-507.5,94.24,-4.56,-410.4
347701.9776,105.53,-313.296,962.031,612.5,3158.75,-656.25,100.32,-4.56,-405.84
347702.0276,99.43,-304.878,962.458,1032.5,3185.0,-752.5,89.68,-7.6,-380.0
347702.0776,99.247,-299.022,958.554,-148.75,2703.75,-420.0,100.32,-3.04,-402.8
347702.1276,104.005,-314.76,961.238,-568.75,2870.0,-341.25,95.76,1.52,-405.84
347702.1776,103.944,-303.475,960.933,8.75,3123.75,-866.25,98.8,-7.6,-413.44
347702.2276,101.87,-307.196,960.933,-236.25,3132.5,-717.5,97.28,12.16,-398.24
347702.2776,98.332,-304.451,957.883,-201.25,2800.0,-621.25,83.6,-6.08,-408.88
347702.3276,114.924,-298.473,968.253,-402.5,3640.0,-726.25,115.52,-3.04,-411.92
347702.3776,100.345,-307.867,962.153,-568.75,3850.0,-323.75,104.88,-4.56,-407.36
347702.4276,98.637,-312.32,958.127,411.25,1995.0,-1128.75,98.8,-9.12,-395.2
347702.4776,107.36,-309.819,958.432,936.25,2292.5,-691.25,95.76,6.08,-395.2
347702.5276,101.809,-304.268,961.97,-105.0,3360.0,-262.5,98.8,-6.08,-402.8
347702.5776,104.798,-306.281,961.543,70.0,3158.75,-1645.0,106.4,-9.12,-398.24
347702.6276,104.737,-304.268,963.739,-437.5,2756.25,-1172.5,97.28,4.56,-407.36
347702.6776,104.432,-311.771,961.665,210.0,3036.25,-813.75,94.24,-18.24,-413.44
347702.7276,103.029,-302.011,962.458,463.75,3141.25,-796.25,98.8,-10.64,-413.44
347702.7776,97.417,-304.146,963.129,-420.0,3351.25,-481.25,100.32,0.0,-398.24
347702.8276,94.916,-309.575,959.286,122.5,2082.5,-735.0,88.16,-4.56,-401.28
347702.8776,104.798,-306.83,962.641,-52.5,2668.75,-752.5,109.44,3.04,-407.36
347702.9276,100.955,-307.867,963.8,-96.25,2310.0,-945.0,109.44,-7.6,-405.84
347702.9776,108.275,-304.329,960.628,-218.75,2415.0,-113.75,101.84,-12.16,-399.76
347703.0276,108.763,-308.355,958.981,892.5,2467.5,-227.5,104.88,3.04,-396.72
347703.0776,105.957,-295.423,962.763,140.0,3535.0,-883.75,101.84,3.04,-392.16
347703.1276,99.064,-316.224,964.959,-883.75,2598.75,-682.5,91.2,0.0,-399.76
347703.1777,108.275,-305.793,960.506,630.0,2021.25,8.75,107.92,1.52,-389.12
347703.2276,109.861,-306.83,960.506,166.25,2957.5,-26.25,95.76,6.08,-411.92
347703.2777,108.824,-306.708,960.689,280.0,2686.25,-1233.75,97.28,3.04,-407.36
347703.3276,103.456,-302.316,960.384,-848.75,3701.25,-1120.0,109.44,-4.56,-384.56
347703.3776,102.541,-307.501,964.593,-603.75,2563.75,-472.5,100.32,-12.16,-396.72
347703.4276,105.53,-311.893,961.726,883.75,2878.75,-953.75,100.32,4.56,-402.8
347703.4776,105.286,-304.024,965.569,-122.5,3001.25,-752.5,106.4,-7.6,-395.2
347703.5276,100.162,-306.403,959.896,-8.75,2738.75,-393.75,86.64,-9.12,-390.64
347703.5776,101.504,-312.503,959.591,-17.5,2546.25,-490.0,91.2,4.56,-393.68
347703.6276,106.689,-303.536,959.835,-411.25,2870.0,-708.75,101.84,0.0,-402.8
347703.6776,104.188,-310.917,964.288,175.0,2476.25,-918.75,118.56,-7.6,-393.68
347703.7276,109.8,-306.83,956.541,-332.5,2625.0,-140.0,101.84,-9.12,-393.68
347703.7776,107.421,-303.048,964.288,-166.25,3762.5,-761.25,86.64,7.6,-392.16
347703.8276,98.088,-310.673,963.373,-831.25,3071.25,-568.75,100.32,-3.04,-408.88
347703.8776,102.48,-319.274,959.53,43.75,2388.75,-192.5,107.92,0.0,-389.12
347703.9276,112.24,-304.695,960.628,411.25,2528.75,-323.75,97.28,0.0,-410.4
347703.9776,108.519,-306.403,956.358,122.5,2642.5,-1023.75,95.76,4.56,-413.44
347704.0276,101.809,-307.196,963.373,-437.5,3622.5,-892.5,98.8,-4.56,-395.2
347704.0776,101.565,-308.904,963.983,-323.75,2318.75,-735.0,98.8,-3.04,-392.16
347704.1276,110.715,-313.418,959.713,122.5,3106.25,-358.75,95.76,-9.12,-405.84
347704.1776,104.005,-304.451,961.543,481.25,3202.5,-1303.75,106.4,-16.72,-398.24
347704.2276,107.36,-306.098,958.127,17.5,3045.0,-1023.75,94.24,-18.24,-390.64
347704.2776,105.774,-307.074,959.53,-437.5,2756.25,-288.75,97.28,-4.56,-395.2
347704.3276,109.068,-309.026,962.153,-350.0,2966.25,-1032.5,95.76,0.0,-416.48
347704.3776,103.883,-311.344,964.044,-498.75,3106.25,-560.0,89.68,4.56,-399.76
347704.4276,100.162,-313.357,956.358,-131.25,2625.0,-157.5,95.76,-10.64,-399.76
347704.4776,114.497,-301.462,963.556,-367.5,3876.25,-910.0,100.32,0.0,-404.32
347704.5276,98.515,-322.385,962.519,-385.0,2957.5,-892.5,103.36,-3.04,-398.24
347704.5776,103.639,-317.078,958.127,770.0,2520.0,-831.25,103.36,-7.6,-396.72
347704.6276,110.898,-304.695,961.909,463.75,3193.75,-358.75,94.24,-12.16,-404.32
347704.6776,101.382,-307.684,959.286,-140.0,3412.5,-586.25,98.8,-7.6,-402.8
347704.7276,101.626,-309.453,963.922,-533.75,3447.5,-1251.25,106.4,1.52,-381.52
